"FullName","Length","LastWriteTime"
"C:\Ascension\Launcher\resources\ascension-live\Cache\WDB\enUS\baddons.wcf","132","7/20/2026 7:35:59 PM"
"C:\Ascension\Launcher\resources\ascension-live\Cache\WDB\enUS\creaturecache.wdb","32","7/20/2026 7:31:34 PM"
"C:\Ascension\Launcher\resources\ascension-live\Cache\WDB\enUS\gameobjectcache.wdb","32","7/20/2026 7:31:34 PM"
"C:\Ascension\Launcher\resources\ascension-live\Cache\WDB\enUS\itemcache.wdb","32","7/20/2026 7:31:34 PM"
"C:\Ascension\Launcher\resources\ascension-live\Cache\WDB\enUS\itemnamecache.wdb","32","7/20/2026 7:31:34 PM"
"C:\Ascension\Launcher\resources\ascension-live\Cache\WDB\enUS\itemtextcache.wdb","36","7/20/2026 7:31:34 PM"
"C:\Ascension\Launcher\resources\ascension-live\Cache\WDB\enUS\npccache.wdb","32","7/20/2026 7:31:34 PM"
"C:\Ascension\Launcher\resources\ascension-live\Cache\WDB\enUS\pagetextcache.wdb","32","7/20/2026 7:31:34 PM"
"C:\Ascension\Launcher\resources\ascension-live\Cache\WDB\enUS\questcache.wdb","32","7/20/2026 7:31:34 PM"
"C:\Ascension\Launcher\resources\ascension-live\Cache\WDB\enUS\wowcache.wdb","44","7/20/2026 7:31:34 PM"
"C:\Ascension\Launcher\resources\ascension-live\Cache\WDB\enUS\Bronzebeard - Warcraft Reborn\creaturecache.wdb","28911","7/20/2026 7:37:39 PM"
"C:\Ascension\Launcher\resources\ascension-live\Cache\WDB\enUS\Bronzebeard - Warcraft Reborn\gameobjectcache.wdb","7999","7/20/2026 7:37:39 PM"
"C:\Ascension\Launcher\resources\ascension-live\Cache\WDB\enUS\Bronzebeard - Warcraft Reborn\itemcache.wdb","18933","7/20/2026 7:37:39 PM"
"C:\Ascension\Launcher\resources\ascension-live\Cache\WDB\enUS\Bronzebeard - Warcraft Reborn\itemnamecache.wdb","32","7/20/2026 7:37:39 PM"
"C:\Ascension\Launcher\resources\ascension-live\Cache\WDB\enUS\Bronzebeard - Warcraft Reborn\itemtextcache.wdb","36","7/20/2026 7:37:39 PM"
"C:\Ascension\Launcher\resources\ascension-live\Cache\WDB\enUS\Bronzebeard - Warcraft Reborn\npccache.wdb","32","7/20/2026 7:37:39 PM"
"C:\Ascension\Launcher\resources\ascension-live\Cache\WDB\enUS\Bronzebeard - Warcraft Reborn\pagetextcache.wdb","32","7/20/2026 7:37:39 PM"
"C:\Ascension\Launcher\resources\ascension-live\Cache\WDB\enUS\Bronzebeard - Warcraft Reborn\questcache.wdb","49179","7/20/2026 7:37:39 PM"
"C:\Ascension\Launcher\resources\ascension-live\Cache\WDB\enUS\Bronzebeard - Warcraft Reborn\wowcache.wdb","44","7/20/2026 7:37:39 PM"
"C:\Ascension\Launcher\resources\ascension-live\Cache\WDB\enUS\Darkmoon - Season 10 Wildcard\creaturecache.wdb","32","7/20/2026 7:34:04 PM"
"C:\Ascension\Launcher\resources\ascension-live\Cache\WDB\enUS\Darkmoon - Season 10 Wildcard\gameobjectcache.wdb","32","7/20/2026 7:34:04 PM"
"C:\Ascension\Launcher\resources\ascension-live\Cache\WDB\enUS\Darkmoon - Season 10 Wildcard\itemcache.wdb","32","7/20/2026 7:34:04 PM"
"C:\Ascension\Launcher\resources\ascension-live\Cache\WDB\enUS\Darkmoon - Season 10 Wildcard\itemnamecache.wdb","32","7/20/2026 7:34:04 PM"
"C:\Ascension\Launcher\resources\ascension-live\Cache\WDB\enUS\Darkmoon - Season 10 Wildcard\itemtextcache.wdb","36","7/20/2026 7:34:04 PM"
"C:\Ascension\Launcher\resources\ascension-live\Cache\WDB\enUS\Darkmoon - Season 10 Wildcard\npccache.wdb","32","7/20/2026 7:34:04 PM"
"C:\Ascension\Launcher\resources\ascension-live\Cache\WDB\enUS\Darkmoon - Season 10 Wildcard\pagetextcache.wdb","32","7/20/2026 7:34:04 PM"
"C:\Ascension\Launcher\resources\ascension-live\Cache\WDB\enUS\Darkmoon - Season 10 Wildcard\questcache.wdb","32","7/20/2026 7:34:04 PM"
"C:\Ascension\Launcher\resources\ascension-live\Cache\WDB\enUS\Darkmoon - Season 10 Wildcard\wowcache.wdb","44","7/20/2026 7:34:04 PM"
"C:\Ascension\Launcher\resources\ascension-live\Cache\WDB\enUS\Dawnrise - Season 10 Freepick\creaturecache.wdb","32","7/20/2026 7:35:31 PM"
"C:\Ascension\Launcher\resources\ascension-live\Cache\WDB\enUS\Dawnrise - Season 10 Freepick\gameobjectcache.wdb","32","7/20/2026 7:35:31 PM"
"C:\Ascension\Launcher\resources\ascension-live\Cache\WDB\enUS\Dawnrise - Season 10 Freepick\itemcache.wdb","32","7/20/2026 7:35:31 PM"
"C:\Ascension\Launcher\resources\ascension-live\Cache\WDB\enUS\Dawnrise - Season 10 Freepick\itemnamecache.wdb","32","7/20/2026 7:35:31 PM"
"C:\Ascension\Launcher\resources\ascension-live\Cache\WDB\enUS\Dawnrise - Season 10 Freepick\itemtextcache.wdb","36","7/20/2026 7:35:31 PM"
"C:\Ascension\Launcher\resources\ascension-live\Cache\WDB\enUS\Dawnrise - Season 10 Freepick\npccache.wdb","32","7/20/2026 7:35:31 PM"
"C:\Ascension\Launcher\resources\ascension-live\Cache\WDB\enUS\Dawnrise - Season 10 Freepick\pagetextcache.wdb","32","7/20/2026 7:35:31 PM"
"C:\Ascension\Launcher\resources\ascension-live\Cache\WDB\enUS\Dawnrise - Season 10 Freepick\questcache.wdb","32","7/20/2026 7:35:31 PM"
"C:\Ascension\Launcher\resources\ascension-live\Cache\WDB\enUS\Dawnrise - Season 10 Freepick\wowcache.wdb","44","7/20/2026 7:35:31 PM"
